{"cameraMode":{"drawMode":0,"name":"Shaded","section":"Shading Mode"},"sceneLighting":false,"audioPlay":false,"sceneViewState":{"showFog":true,"showMaterialUpdate":false,"showSkybox":false,"showFlares":true,"showImageEffects":true,"showParticleSystems":true},"in2DMode":false,"pivot":{"x":271.51776123046877,"y":143.16290283203126,"z":166.17913818359376},"rotation":{"x":-0.010213778354227543,"y":-0.7656150460243225,"z":-0.012171746231615544,"w":0.6431575417518616},"size":108.72737884521485,"orthographic":true}