{"cameraMode":{"drawMode":0,"name":"Shaded","section":"Shading Mode"},"sceneLighting":false,"audioPlay":false,"sceneViewState":{"showFog":true,"showMaterialUpdate":false,"showSkybox":false,"showFlares":true,"showImageEffects":true,"showParticleSystems":true},"in2DMode":false,"pivot":{"x":-0.9217706918716431,"y":18.09796905517578,"z":-0.6304408311843872},"rotation":{"x":0.1655554324388504,"y":-0.07537219673395157,"z":0.012700005434453488,"w":0.9832555651664734},"size":1.3888635635375977,"orthographic":true}