{"cameraMode":{"drawMode":0,"name":"Shaded","section":"Shading Mode"},"sceneLighting":false,"audioPlay":false,"sceneViewState":{"showFog":true,"showMaterialUpdate":false,"showSkybox":false,"showFlares":true,"showImageEffects":true,"showParticleSystems":true},"in2DMode":false,"pivot":{"x":-0.19252777099609376,"y":158.8607635498047,"z":-2.665241241455078},"rotation":{"x":0.1655554324388504,"y":-0.07537219673395157,"z":0.012700005434453488,"w":0.9832555651664734},"size":555.033935546875,"orthographic":true}