{"cameraMode":{"drawMode":0,"name":"Shaded","section":"Shading Mode"},"sceneLighting":false,"audioPlay":false,"sceneViewState":{"showFog":true,"showMaterialUpdate":false,"showSkybox":false,"showFlares":true,"showImageEffects":true,"showParticleSystems":true},"in2DMode":false,"pivot":{"x":76.45000457763672,"y":51.70001220703125,"z":0.0},"rotation":{"x":0.040800150483846667,"y":-0.000006347760063363239,"z":0.000013296092220116407,"w":0.9991844892501831},"size":367.5422668457031,"orthographic":false}