{"cameraMode":{"drawMode":0,"name":"Shaded","section":"Shading Mode"},"sceneLighting":false,"audioPlay":false,"sceneViewState":{"showFog":true,"showMaterialUpdate":false,"showSkybox":false,"showFlares":true,"showImageEffects":true,"showParticleSystems":true},"in2DMode":false,"pivot":{"x":-0.1284189224243164,"y":32.05571365356445,"z":9.931987762451172},"rotation":{"x":0.1655554324388504,"y":-0.07537219673395157,"z":0.012700005434453488,"w":0.9832555651664734},"size":137.8166961669922,"orthographic":true}