{"cameraMode":{"drawMode":0,"name":"Shaded","section":"Shading Mode"},"sceneLighting":false,"audioPlay":false,"sceneViewState":{"showFog":true,"showMaterialUpdate":false,"showSkybox":false,"showFlares":true,"showImageEffects":true,"showParticleSystems":true},"in2DMode":false,"pivot":{"x":-0.6505050659179688,"y":46.006649017333987,"z":0.9951553344726563},"rotation":{"x":0.1655554324388504,"y":-0.07537219673395157,"z":0.012700005434453488,"w":0.9832555651664734},"size":240.1063232421875,"orthographic":true}