{"cameraMode":{"drawMode":0,"name":"Shaded","section":"Shading Mode"},"sceneLighting":true,"audioPlay":false,"sceneViewState":{"showFog":true,"showMaterialUpdate":false,"showSkybox":false,"showFlares":true,"showImageEffects":true,"showParticleSystems":true},"in2DMode":false,"pivot":{"x":347.2503662109375,"y":47.93000030517578,"z":77.43563079833985},"rotation":{"x":0.29630047082901,"y":-0.30830344557762148,"z":0.10167127847671509,"w":0.8982724547386169},"size":120.0311279296875,"orthographic":true}